{
    "VV_mean": -31.315275,
    "VV_std": 7.87874,
    "VH_mean": -19.719892,
    "VH_std": 6.16873
}